<?xml version="1.0" encoding="UTF-8" standalone="yes"?>
<addon id="plugin.video.pl-tv.tvnplayer.pl"
       name="TVNPlayer"
       version="1.3.5"
       provider-name="smuto, sd-xbmc, xbmc-pl-tv">
  <requires>
    <import addon="xbmc.python" version="2.14.0"/>
    <import addon="script.module.simplejson" version="2.0.10"/>
  </requires>
  <extension point="xbmc.python.pluginsource"
            library="default.py">
        <provides>video</provides>
  </extension>
  <extension point="xbmc.addon.metadata">
    <summary lang="en">http://tvnplayer.pl</summary>
    <summary lang="pl">http://tvnplayer.pl</summary>
    <description lang="en">tvn player</description>
    <description lang="pl">Usługa tvn player jest dostępna na wielu platformach. Ciesz się oglądaniem ulubionych programów, filmów i seriali w każdym miejscu i o każdej porze!</description>
    <platform>all</platform>
  </extension>
</addon>
