﻿<?xml version="1.0" encoding="UTF-8" standalone="yes"?>
<addon id="plugin.video.pl-tv.vod.tvp.pl"
       name="Vod.tvp.pl"
       version="1.0.13"
       provider-name="xbmc-pl-tv, smuto, sd-xbmc">
  <requires>
    <import addon="xbmc.python" version="2.14.0"/>
    <import addon="script.module.simplejson" version="2.0.10"/>
  </requires>
  <extension point="xbmc.python.pluginsource"
            library="default.py">
        <provides>video</provides>
  </extension>
  <extension point="xbmc.addon.metadata">
    <summary lang="en">VOD - Telewizja Polska SA</summary>
    <description lang="en">VOD - Telewizja Polska SA</description>
    <description lang="pl">Vod.tvp.pl to największa w internecie baza filmów fabularnych, dokumentalnych, seriali i audycji Telewizji Polskiej.</description>
    <platform>all</platform>
  </extension>
</addon>
